{
  "rav_svm_scaled": {
    "accuracy": 0.2866666666666667,
    "macro_f1": 0.2802682450564462,
    "notes": "SVM RBF C=100.0 scaled (tuned)"
  },
  "rav_rf_baseline": {
    "accuracy": 0.41,
    "macro_f1": 0.3711983558056402,
    "notes": "RF n=200"
  },
  "rav_xgb_baseline": {
    "accuracy": 0.4,
    "macro_f1": 0.3815638717826008,
    "notes": "XGB depth=4 lr=0.05"
  },
  "rav_gbm_baseline": {
    "accuracy": 0.4266666666666667,
    "macro_f1": 0.4233459513138341,
    "notes": "GBM n=200 depth=3"
  },
  "rav_xgb_trainval_test": {
    "accuracy": 0.49666666666666665,
    "macro_f1": 0.48545834592237364,
    "notes": "XGB trained on train+val (1140 samples), eval on test"
  },
  "rav_xgb_grid_best": {
    "accuracy": 0.47,
    "macro_f1": 0.45395343348647943,
    "max_depth": 2,
    "learning_rate": 0.1,
    "notes": "XGB grid best"
  },
  "rav_xgb_reg_best": {
    "accuracy": 0.4866666666666667,
    "macro_f1": 0.47235600230853353,
    "reg_alpha": 0.5,
    "reg_lambda": 1.0,
    "notes": "XGB best regularisation config"
  },
  "rav_mlp_sgd": {
    "accuracy": 0.24666666666666667,
    "macro_f1": 0.24444299961226185,
    "notes": "EmotionMLP optimiser=SGD"
  },
  "rav_mlp_adam": {
    "accuracy": 0.32666666666666666,
    "macro_f1": 0.3242474720617927,
    "notes": "EmotionMLP optimiser=Adam"
  },
  "rav_mlp_adamw": {
    "accuracy": 0.34,
    "macro_f1": 0.3284374963539899,
    "notes": "EmotionMLP optimiser=AdamW"
  },
  "rav_mlp_rmsprop": {
    "accuracy": 0.31,
    "macro_f1": 0.3029770369680703,
    "notes": "EmotionMLP optimiser=RMSprop"
  },
  "rav_mlp_reg_best": {
    "accuracy": 0.30666666666666664,
    "macro_f1": 0.2860759580167509,
    "dropout": 0.3,
    "weight_decay": 0,
    "notes": "MLP best reg config"
  },
  "rav_mlp_sch_no_sched": {
    "accuracy": 0.31,
    "macro_f1": 0.2889065746986539,
    "notes": "scheduler=No Scheduler"
  },
  "rav_mlp_sch_cosinean": {
    "accuracy": 0.26666666666666666,
    "macro_f1": 0.24138743213634067,
    "notes": "scheduler=CosineAnnealingLR"
  },
  "rav_mlp_sch_reducelr": {
    "accuracy": 0.29333333333333333,
    "macro_f1": 0.26705589053803336,
    "notes": "scheduler=ReduceLROnPlateau"
  },
  "rav_mlp_trainval_test": {
    "accuracy": 0.3566666666666667,
    "macro_f1": 0.32992861359259806,
    "notes": "EmotionMLP trained on 1140 train+val samples, eval on test, opt=AdamW"
  },
  "rav_whisper_xgb": {
    "model": "XGBoost",
    "feature": "Whisper-small 1536-D",
    "val_macro_f1": 0.9231,
    "test_macro_f1": 0.9741,
    "test_accuracy": 0.9722
  },
  "rav_whisper_mlp": {
    "model": "MLP",
    "feature": "Whisper-small 1536-D",
    "val_macro_f1": 0.9727,
    "test_macro_f1": 0.9729,
    "test_accuracy": 0.9722
  },
  "modma_whisper_svm": {
    "model": "SVM",
    "feature": "Whisper 1536-D",
    "dataset": "MODMA",
    "test_macro_f1": 0.75,
    "test_accuracy": 0.75
  },
  "modma_whisper_xgb": {
    "model": "XGBoost",
    "feature": "Whisper 1536-D",
    "dataset": "MODMA",
    "test_macro_f1": 0.619,
    "test_accuracy": 0.625
  },
  "daic_whisper_xgb": {
    "model": "XGBoost+SMOTE",
    "feature": "Whisper 1536-D",
    "dataset": "DAIC-WOZ",
    "test_macro_f1": 0.4926,
    "test_accuracy": 0.6087,
    "test_auc": 0.4665,
    "sensitivity": 0.2143
  },
  "daic_whisper_svm": {
    "model": "SVM",
    "feature": "Whisper 1536-D",
    "dataset": "DAIC-WOZ",
    "test_macro_f1": 0.4773,
    "test_accuracy": 0.4783,
    "test_auc": 0.6094
  },
  "daic_whisper_phq8_reg": {
    "model": "XGBoost Reg",
    "feature": "Whisper 1536-D",
    "dataset": "DAIC-WOZ",
    "test_rmse": 6.025,
    "within_band": 60.9
  },
  "daic_whisper_hc_fusion_xgb": {
    "model": "XGB Fusion",
    "feature": "Whisper+HC 3767-D",
    "dataset": "DAIC-WOZ",
    "test_macro_f1": 0.4623,
    "test_accuracy": 0.6087,
    "test_auc": 0.5223,
    "sensitivity": 0.1429
  },
  "daic_whisper_hc_fusion_mlp": {
    "model": "MLP Fusion",
    "feature": "Whisper+HC 3767-D",
    "dataset": "DAIC-WOZ",
    "test_macro_f1": 0.6068,
    "test_accuracy": 0.6739,
    "test_auc": 0.6116,
    "sensitivity": 0.4286
  },
  "daic_acoustic_tuned": {
    "accuracy": 0.6,
    "macro_f1": 0.5716783216783217,
    "auprc": 0.5170039682539683,
    "notes": "XGB acoustic depth=2 lr=0.05"
  },
  "daic_acoustic_combined_test": {
    "macro_f1": 0.4683257918552036,
    "notes": "Acoustic XGB train+val+SMOTE test"
  },
  "daic_linguistic_tuned": {
    "accuracy": 0.45714285714285713,
    "macro_f1": 0.4272179155900086,
    "notes": "XGB linguistic tuned"
  },
  "daic_visual_tuned": {
    "accuracy": 0.5428571428571428,
    "macro_f1": 0.4017094017094017,
    "notes": "XGB visual tuned"
  },
  "daic_fusion_logreg": {
    "macro_f1": 0.4484848484848485,
    "accuracy": 0.6285714285714286,
    "notes": "LogReg meta"
  },
  "daic_fusion_mlp": {
    "macro_f1": 0.4484848484848485,
    "accuracy": 0.6285714285714286,
    "notes": "MLP meta"
  },
  "daic_fusion_wavg": {
    "macro_f1": 0.41731409544950054,
    "accuracy": 0.5714285714285714,
    "notes": "weighted avg"
  },
  "daic_fusion_xgb_direct": {
    "macro_f1": 0.6026831785345717,
    "accuracy": 0.6857142857142857,
    "auprc": 0.5364693313222725,
    "notes": "XGB direct on 2231 enriched features"
  },
  "daic_fusion_thresh_opt": {
    "macro_f1": 0.6236559139784946,
    "accuracy": 0.6285714285714286,
    "threshold": 0.45,
    "notes": "Wavg thresh=0.45 optimised"
  },
  "daic_fusion_combined_smote": {
    "macro_f1": 0.41748206131767773,
    "accuracy": 0.5957446808510638,
    "notes": "Train+Val combined + SMOTE, evaluated on test set"
  },
  "daic_phq8_xgb_mse": {
    "rmse": 6.6071741935546555,
    "mae": 5.468630790710449,
    "notes": "XGB MSE"
  },
  "daic_phq8_gbr_huber": {
    "rmse": 6.842494514610694,
    "mae": 5.465900892671017,
    "notes": "GBR Huber"
  },
  "daic_phq8_xgb_enriched": {
    "rmse": 6.5150140343234595,
    "mae": 5.4534592628479,
    "notes": "XGB enriched 2231 features"
  },
  "daic_test_acoustic": {
    "accuracy": 0.5957446808510638,
    "macro_f1": 0.5063571033720287,
    "notes": "TEST acoustic train+val+SMOTE=True"
  },
  "daic_test_linguistic": {
    "macro_f1": 0.5746606334841629,
    "notes": "TEST linguistic train+val+SMOTE=True"
  },
  "daic_test_visual": {
    "macro_f1": 0.5422077922077922,
    "notes": "TEST visual train+val+SMOTE=True"
  },
  "daic_test_fusion": {
    "accuracy": 0.5106382978723404,
    "macro_f1": 0.509750566893424,
    "threshold": 0.2,
    "notes": "TEST fusion wavg thresh=0.2 SMOTE=True"
  },
  "daic_test_phq8": {
    "rmse": 6.073685809887529,
    "within_1_band": 0.7659574468085106,
    "notes": "TEST PHQ-8 train+val XGBoost"
  },
  "modma_svm_test": {
    "accuracy": 0.875,
    "macro_f1": 0.873015873015873,
    "notes": "SVM C=100.0 kernel=rbf"
  },
  "modma_xgb_test": {
    "accuracy": 0.875,
    "macro_f1": 0.873015873015873,
    "notes": "XGB heavy reg"
  },
  "stress_xgb_swell-hrv_3-class": {
    "accuracy": 0.508266010379327,
    "macro_f1": 0.5083146016432907,
    "notes": "XGB baseline SWELL-HRV 3-class"
  },
  "stress_xgb_swell-hrv_binary": {
    "accuracy": 0.6786421272270077,
    "macro_f1": 0.40428040987394626,
    "notes": "XGB baseline SWELL-HRV binary"
  },
  "stress_xgb_wesad-hrv_binary": {
    "accuracy": 0.9171301106154128,
    "macro_f1": 0.9169786085691922,
    "notes": "XGB baseline WESAD-HRV binary"
  },
  "stress_xgb_swell-eda_3-class_fixed": {
    "accuracy": 0.4128003806804663,
    "macro_f1": 0.3783337282828841,
    "notes": "XGB baseline SWELL-EDA 3-class (fixed)"
  },
  "stress_xgb_swell-eda_binary": {
    "accuracy": 0.7256721389483702,
    "macro_f1": 0.42051564869709085,
    "notes": "XGB baseline SWELL-EDA binary"
  },
  "stress_xgb_wesad-eda_binary": {
    "accuracy": 0.6556387346051679,
    "macro_f1": 0.6553911281568854,
    "notes": "XGB baseline WESAD-EDA binary"
  },
  "stress_regre_xgb_swell_hrv": {
    "rmse": 10.241220575544359,
    "mae": 7.622570514678955,