{
  "rav_svm_scaled": {
    "accuracy": 0.2866666666666667,
    "macro_f1": 0.2802682450564462,
    "notes": "SVM RBF C=100.0 scaled (tuned)"
  },
  "rav_rf_baseline": {
    "accuracy": 0.41,
    "macro_f1": 0.3711983558056402,
    "notes": "RF n=200"
  },
  "rav_xgb_baseline": {
    "accuracy": 0.4,
    "macro_f1": 0.3815638717826008,
    "notes": "XGB depth=4 lr=0.05"
  },
  "rav_gbm_baseline": {
    "accuracy": 0.4266666666666667,
    "macro_f1": 0.4233459513138341,
    "notes": "GBM n=200 depth=3"
  },
  "rav_xgb_trainval_test": {
    "accuracy": 0.49666666666666665,
    "macro_f1": 0.48545834592237364,
    "notes": "XGB trained on train+val (1140 samples), eval on test"
  },
  "rav_xgb_grid_best": {
    "accuracy": 0.47,
    "macro_f1": 0.45395343348647943,
    "max_depth": 2,
    "learning_rate": 0.1,
    "notes": "XGB grid best"
  },
  "rav_xgb_reg_best": {
    "accuracy": 0.4866666666666667,
    "macro_f1": 0.47235600230853353,
    "reg_alpha": 0.5,
    "reg_lambda": 1.0,
    "notes": "XGB best regularisation config"
  },
  "rav_mlp_sgd": {
    "accuracy": 0.24666666666666667,
    "macro_f1": 0.24444299961226185,
    "notes": "EmotionMLP optimiser=SGD"
  },
  "rav_mlp_adam": {
    "accuracy": 0.32666666666666666,
    "macro_f1": 0.3242474720617927,
    "notes": "EmotionMLP optimiser=Adam"
  },
  "rav_mlp_adamw": {
    "accuracy": 0.34,
    "macro_f1": 0.3284374963539899,
    "notes": "EmotionMLP optimiser=AdamW"
  },
  "rav_mlp_rmsprop": {
    "accuracy": 0.31,
    "macro_f1": 0.3029770369680703,
    "notes": "EmotionMLP optimiser=RMSprop"
  },
  "rav_mlp_reg_best": {
    "accuracy": 0.30666666666666664,
    "macro_f1": 0.2860759580167509,
    "dropout": 0.3,
    "weight_decay": 0,
    "notes": "MLP best reg config"
  },
  "rav_mlp_sch_no_sched": {
    "accuracy": 0.31,
    "macro_f1": 0.2889065746986539,
    "notes": "scheduler=No Scheduler"
  },
  "rav_mlp_sch_cosinean": {
    "accuracy": 0.26666666666666666,
    "macro_f1": 0.24138743213634067,
    "notes": "scheduler=CosineAnnealingLR"
  },
  "rav_mlp_sch_reducelr": {
    "accuracy": 0.29333333333333333,
    "macro_f1": 0.26705589053803336,
    "notes": "scheduler=ReduceLROnPlateau"
  },
  "rav_mlp_trainval_test": {
    "accuracy": 0.3566666666666667,
    "macro_f1": 0.32992861359259806,
    "notes": "EmotionMLP trained on 1140 train+val samples, eval on test, opt=AdamW"
  },
  "daic_acoustic_tuned": {
    "accuracy": 0.6,
    "macro_f1": 0.5359848484848485,
    "auprc": 0.5675182630645736,
    "notes": "XGB acoustic depth=3 lr=0.05"
  },
  "daic_acoustic_combined_test": {
    "macro_f1": 0.5368115942028986,
    "notes": "Acoustic XGB train+val+SMOTE test"
  },
  "daic_linguistic_tuned": {
    "accuracy": 0.6,
    "macro_f1": 0.5359848484848485,
    "notes": "XGB linguistic tuned"
  },
  "daic_visual_tuned": {
    "accuracy": 0.6857142857142857,
    "macro_f1": 0.5726970033296338,
    "notes": "XGB visual tuned"
  },
  "daic_fusion_logreg": {
    "macro_f1": 0.6181818181818182,
    "accuracy": 0.7428571428571429,
    "notes": "LogReg meta"
  },
  "daic_fusion_mlp": {
    "macro_f1": 0.6260683760683761,
    "accuracy": 0.7142857142857143,
    "notes": "MLP meta"
  },
  "daic_fusion_wavg": {
    "macro_f1": 0.6181818181818182,
    "accuracy": 0.7428571428571429,
    "notes": "weighted avg"
  },
  "daic_fusion_xgb_direct": {
    "macro_f1": 0.6260683760683761,
    "accuracy": 0.7142857142857143,
    "auprc": 0.5451979063821168,
    "notes": "XGB direct on 2231 enriched features"
  },
  "daic_fusion_thresh_opt": {
    "macro_f1": 0.6438482886216466,
    "accuracy": 0.6857142857142857,
    "threshold": 0.45,
    "notes": "Wavg thresh=0.45 optimised"
  },
  "daic_fusion_combined_smote": {
    "macro_f1": 0.48231884057971014,
    "accuracy": 0.5957446808510638,
    "notes": "Train+Val combined + SMOTE, evaluated on test set"
  },
  "daic_phq8_xgb_mse": {
    "rmse": 6.50247028066846,
    "mae": 5.361001968383789,
    "notes": "XGB MSE"
  },
  "daic_phq8_gbr_huber": {
    "rmse": 7.221800593077674,
    "mae": 5.560604110249098,
    "notes": "GBR Huber"
  },
  "daic_phq8_xgb_enriched": {
    "rmse": 6.350442597591347,
    "mae": 5.1401472091674805,
    "notes": "XGB enriched 2231 features"
  },
  "daic_test_acoustic": {
    "accuracy": 0.6382978723404256,
    "macro_f1": 0.5583195135433942,
    "notes": "TEST acoustic train+val+SMOTE=True"
  },
  "daic_test_linguistic": {
    "macro_f1": 0.5583195135433942,
    "notes": "TEST linguistic train+val+SMOTE=True"
  },
  "daic_test_visual": {
    "macro_f1": 0.5063571033720287,
    "notes": "TEST visual train+val+SMOTE=True"
  },
  "daic_test_fusion": {
    "accuracy": 0.5319148936170213,
    "macro_f1": 0.5317028985507246,
    "threshold": 0.2,
    "notes": "TEST fusion wavg thresh=0.2 SMOTE=True"
  },
  "daic_test_phq8": {
    "rmse": 6.3099546204747785,
    "within_1_band": 0.7872340425531915,
    "notes": "TEST PHQ-8 train+val XGBoost"
  },
  "modma_svm_test": {
    "accuracy": 0.875,
    "macro_f1": 0.873015873015873,
    "notes": "SVM C=100.0 kernel=rbf"
  },
  "modma_xgb_test": {
    "accuracy": 0.875,
    "macro_f1": 0.873015873015873,
    "notes": "XGB heavy reg"
  },
  "stress_xgb_swell-hrv_3-class": {
    "accuracy": 0.508266010379327,
    "macro_f1": 0.5083146016432907,
    "notes": "XGB baseline SWELL-HRV 3-class"
  },
  "stress_xgb_swell-hrv_binary": {
    "accuracy": 0.6786421272270077,
    "macro_f1": 0.40428040987394626,
    "notes": "XGB baseline SWELL-HRV binary"
  },
  "stress_xgb_wesad-hrv_binary": {
    "accuracy": 0.9171301106154128,
    "macro_f1": 0.9169786085691922,
    "notes": "XGB baseline WESAD-HRV binary"
  },
  "stress_xgb_swell-eda_3-class_fixed": {
    "accuracy": 0.4128003806804663,
    "macro_f1": 0.3783337282828841,
    "notes": "XGB baseline SWELL-EDA 3-class (fixed)"
  },
  "stress_xgb_swell-eda_binary": {
    "accuracy": 0.7256721389483702,
    "macro_f1": 0.42051564869709085,
    "notes": "XGB baseline SWELL-EDA binary"
  },
  "stress_xgb_wesad-eda_binary": {
    "accuracy": 0.6556387346051679,
    "macro_f1": 0.6553911281568854,
    "notes": "XGB baseline WESAD-EDA binary"
  },
  "stress_regre_xgb_swell_hrv": {
    "rmse": 10.241220575544359,
    "mae": 7.622570514678955,
    "notes": "XGB regressor SWELL-HRV"
  },
  "stress_regre_xgb_swell_eda": {
    "rmse": 11.646263446724353,
    "mae": 9.155265808105469,
    "notes": "XGB regressor SWELL-EDA"
  },
  "stress_mlp_arch_shallow": {
    "accuracy": 0.3326199775292922,
    "macro_f1": 0.2778622207203662,
    "notes": "StressMLP Shallow"
  },
  "stress_mlp_arch_medium": {
    "accuracy": 0.3083302124016907,
    "macro_f1": 0.27995637294178294,
    "notes": "StressMLP Medium"
  },
  "stress_mlp_arch_deep": {
    "accuracy": 0.33160344550853355,
    "macro_f1": 0.309603698039846,
    "notes": "StressMLP Deep"
  },
  "stress_swell_agg_do=0.5_wd=": {
    "accuracy": 0.3089989834679792,
    "macro_f1": 0.27354236390837966,
    "train_val_gap": 0.597449979358063,
    "notes": "SWELL aggressive do=0.5 wd=0.5"
  },
  "stress_swell_agg_do=0.7_wd=": {
    "accuracy": 0.34227703172649937,
    "macro_f1": 0.2943921823657761,
    "train_val_gap": 0.5863056815142546,
    "notes": "SWELL aggressive do=0.7 wd=0.1"
  },
  "stress_opt_sgd": {
    "accuracy": 0.30894548178267617,
    "macro_f1": 0.277979573688071,
    "notes": "StressMLP opt=SGD"
  },
  "stress_opt_sgd_mo": {
    "accuracy": 0.3316836980364882,
    "macro_f1": 0.3066086435316897,
    "notes": "StressMLP opt=SGD+Momentum"
  },
  "stress_opt_adam": {
    "accuracy": 0.31817452249745865,
    "macro_f1": 0.2906038729020315,
    "notes": "StressMLP opt=Adam"
  },
  "stress_opt_adamw": {
    "accuracy": 0.31116580172275426,
    "macro_f1": 0.28474461011908603,
    "notes": "StressMLP opt=AdamW"
  },
  "stress_opt_rmspro": {
    "accuracy": 0.32387245198223746,
    "macro_f1": 0.29607944152896115,
    "notes": "StressMLP opt=RMSprop"
  },
  "stress_sch_no_schedul": {
    "accuracy": 0.31116580172275426,